role,version_uri,book,author_id,death_date_ah,tok_length_meta,uncorrected_ocr,url,http_ok,n_bytes,non_arabic_ratio,mean_word_length,long_line_ratio,n_markdown_chars_removed,passes_section3
classic,0516IbnCaliHariri.Maqamat.JK009202-ara1,0516IbnCaliHariri.Maqamat,0516IbnCaliHariri,516.0,48202.0,False,https://raw.githubusercontent.com/OpenITI/0525AH/master/data/0516IbnCaliHariri/0516IbnCaliHariri.Maqamat/0516IbnCaliHariri.Maqamat.JK009202-ara1,True,503391,0.02661594349557661,3.5419228968315903,0.0,6469,True
classic,0398BadicZamanHamadhani.Maqamat.JK009269-ara1,0398BadicZamanHamadhani.Maqamat,0398BadicZamanHamadhani,398.0,20751.0,False,https://raw.githubusercontent.com/OpenITI/0400AH/master/data/0398BadicZamanHamadhani/0398BadicZamanHamadhani.Maqamat/0398BadicZamanHamadhani.Maqamat.JK009269-ara1.completed,True,220424,0.04369101146352328,3.6943422263109476,0.0,5918,True
classic,0354Mutanabbi.Diwan.JK007610-ara1,0354Mutanabbi.Diwan,0354Mutanabbi,354.0,9338.0,False,https://raw.githubusercontent.com/OpenITI/0375AH/master/data/0354Mutanabbi/0354Mutanabbi.Diwan/0354Mutanabbi.Diwan.JK007610-ara1.completed,True,92251,0.10730743910467411,2.8975201886657613,0.0,2942,False
classic,0001CamrIbnKulthum.Diwan.JK007524-ara1,0001CamrIbnKulthum.Diwan,0001CamrIbnKulthum,1.0,76.0,False,https://raw.githubusercontent.com/OpenITI/0025AH/master/data/0001CamrIbnKulthum/0001CamrIbnKulthum.Diwan/0001CamrIbnKulthum.Diwan.JK007524-ara1,True,1921,0.1118279569892473,2.865546218487395,0.0,1092,False
classic,0256Bukhari.Sahih.JK000110-ara1,0256Bukhari.Sahih,0256Bukhari,256.0,609626.0,False,https://raw.githubusercontent.com/OpenITI/0275AH/master/data/0256Bukhari/0256Bukhari.Sahih/0256Bukhari.Sahih.JK000110-ara1.completed,True,5524762,0.05291045117260473,3.84686157567669,0.0,306056,False
classic,0261Muslim.Sahih.Shamela0001727-ara1,0261Muslim.Sahih,0261Muslim,261.0,505827.0,False,https://raw.githubusercontent.com/OpenITI/0275AH/master/data/0261Muslim/0261Muslim.Sahih/0261Muslim.Sahih.Shamela0001727-ara1.mARkdown,True,4933663,0.0389377879720042,4.197875569044006,0.0,272373,True
classic,0310Tabari.Tarikh.Shamela0009783BK1-ara1,0310Tabari.Tarikh,0310Tabari,310.0,1449128.0,False,https://raw.githubusercontent.com/OpenITI/0325AH/master/data/0310Tabari/0310Tabari.Tarikh/0310Tabari.Tarikh.Shamela0009783BK1-ara1.mARkdown,True,14109097,0.030874217678894755,4.291670616659308,0.0,196693,True
classic,0255Jahiz.BayanWaTabyin.Shamela0010614-ara1,0255Jahiz.BayanWaTabyin,0255Jahiz,255.0,162824.0,False,https://raw.githubusercontent.com/OpenITI/0275AH/master/data/0255Jahiz/0255Jahiz.BayanWaTabyin/0255Jahiz.BayanWaTabyin.Shamela0010614-ara1.completed,True,1620199,0.040611878936319123,4.129070296312518,0.0,19272,True
classic,0540IbnAhmadAbuSacdIsbahani.Fawaid.Shamela0029904-ara1,0540IbnAhmadAbuSacdIsbahani.Fawaid,0540IbnAhmadAbuSacdIsbahani,540.0,918.0,False,https://raw.githubusercontent.com/OpenITI/0550AH/master/data/0540IbnAhmadAbuSacdIsbahani/0540IbnAhmadAbuSacdIsbahani.Fawaid/0540IbnAhmadAbuSacdIsbahani.Fawaid.Shamela0029904-ara1,True,10147,0.029197080291970767,4.041387024608501,0.0,1772,True
classic,0505Ghazali.IhyaCulumDin.JK000001-ara1,0505Ghazali.IhyaCulumDin,0505Ghazali,505.0,992076.0,False,https://raw.githubusercontent.com/OpenITI/0525AH/master/data/0505Ghazali/0505Ghazali.IhyaCulumDin/0505Ghazali.IhyaCulumDin.JK000001-ara1,True,9470821,0.031092518471022124,4.203418288737222,0.0,39725,True
ocr_flagged,0361AbuYacqubSijistani.IthbatNubuwwa.Kraken210622021808-ara1,0361AbuYacqubSijistani.IthbatNubuwwa,0361AbuYacqubSijistani,361.0,62798.0,True,https://raw.githubusercontent.com/OpenITI/0375AH/master/data/0361AbuYacqubSijistani/0361AbuYacqubSijistani.IthbatNubuwwa/0361AbuYacqubSijistani.IthbatNubuwwa.Kraken210622021808-ara1,True,663697,0.07098923089075537,4.546737394311505,0.0,3630,False
ocr_flagged,0597IbnJawzi.ShudhurCuqud.AOCP2023090617-ara1,0597IbnJawzi.ShudhurCuqud,0597IbnJawzi,597.0,28741.0,True,https://raw.githubusercontent.com/OpenITI/0600AH/master/data/0597IbnJawzi/0597IbnJawzi.ShudhurCuqud/0597IbnJawzi.ShudhurCuqud.AOCP2023090617-ara1,True,309828,0.13199290423928955,4.913010277132584,0.0,4033,False
ocr_flagged,0392IbnJinniMawsili.MudhakkarWaMuannath.Kraken22021701013201-ara1,0392IbnJinniMawsili.MudhakkarWaMuannath,0392IbnJinniMawsili,392.0,17052.0,True,https://raw.githubusercontent.com/OpenITI/0400AH/master/data/0392IbnJinniMawsili/0392IbnJinniMawsili.MudhakkarWaMuannath/0392IbnJinniMawsili.MudhakkarWaMuannath.Kraken22021701013201-ara1,True,201711,0.17025456264621253,5.191894085421528,0.0,1785,False
random,0756TaqiDinSubki.DurraMudiyya.Kraken21052523-ara1,0756TaqiDinSubki.DurraMudiyya,0756TaqiDinSubki,756.0,7934.0,True,https://raw.githubusercontent.com/OpenITI/0775AH/master/data/0756TaqiDinSubki/0756TaqiDinSubki.DurraMudiyya/0756TaqiDinSubki.DurraMudiyya.Kraken21052523-ara1.mARkdown,True,76677,0.03362654751931493,4.240849914026038,0.0,699,True
random,0228AbuJahmBahili.Juz.Shamela0009088-ara1,0228AbuJahmBahili.Juz,0228AbuJahmBahili,228.0,6117.0,False,https://raw.githubusercontent.com/OpenITI/0250AH/master/data/0228AbuJahmBahili/0228AbuJahmBahili.Juz/0228AbuJahmBahili.Juz.Shamela0009088-ara1,True,59630,0.03150927861169173,3.9888924151063154,0.0,4010,True
random,0581AbuMusaMadini.DhikrIbnAbiDunya.Shamela0009510-ara1,0581AbuMusaMadini.DhikrIbnAbiDunya,0581AbuMusaMadini,581.0,2792.0,False,https://raw.githubusercontent.com/OpenITI/0600AH/master/data/0581AbuMusaMadini/0581AbuMusaMadini.DhikrIbnAbiDunya/0581AbuMusaMadini.DhikrIbnAbiDunya.Shamela0009510-ara1,True,27498,0.028330995792426372,3.958507670850767,0.0,2182,True
random,0852IbnHajarCasqalani.BulughMaram.Shamela0009111-ara1,0852IbnHajarCasqalani.BulughMaram,0852IbnHajarCasqalani,852.0,54328.0,False,https://raw.githubusercontent.com/OpenITI/0875AH/master/data/0852IbnHajarCasqalani/0852IbnHajarCasqalani.BulughMaram/0852IbnHajarCasqalani.BulughMaram.Shamela0009111-ara1,True,558348,0.05011979143786893,3.919975942663348,0.0,51821,False
random,0751IbnQayyimJawziyya.RisalaTabukiyya.JK000058-ara1,0751IbnQayyimJawziyya.RisalaTabukiyya,0751IbnQayyimJawziyya,751.0,10682.0,False,https://raw.githubusercontent.com/OpenITI/0775AH/master/data/0751IbnQayyimJawziyya/0751IbnQayyimJawziyya.RisalaTabukiyya/0751IbnQayyimJawziyya.RisalaTabukiyya.JK000058-ara1,True,109198,0.03840743989012263,4.292430488553635,0.0,2115,True
random,0458Bayhaqi.QadaWaQadar.JK009179-ara1,0458Bayhaqi.QadaWaQadar,0458Bayhaqi,458.0,59343.0,False,https://raw.githubusercontent.com/OpenITI/0475AH/master/data/0458Bayhaqi/0458Bayhaqi.QadaWaQadar/0458Bayhaqi.QadaWaQadar.JK009179-ara1.completed,True,585405,0.05814974877903101,3.1304200418952135,0.0,10045,False
random,0309IbnMarzuban.DhammThuqala.Shamela0006769-ara1,0309IbnMarzuban.DhammThuqala,0309IbnMarzuban,309.0,6376.0,False,https://raw.githubusercontent.com/OpenITI/0325AH/master/data/0309IbnMarzuban/0309IbnMarzuban.DhammThuqala/0309IbnMarzuban.DhammThuqala.Shamela0006769-ara1.completed,True,61087,0.027962479221087633,3.894246176256373,0.0,2029,True
random,0749BadrDinMisriMuradi.JanaDani.JK010091-ara1,0749BadrDinMisriMuradi.JanaDani,0749BadrDinMisriMuradi,749.0,62883.0,False,https://raw.githubusercontent.com/OpenITI/0750AH/master/data/0749BadrDinMisriMuradi/0749BadrDinMisriMuradi.JanaDani/0749BadrDinMisriMuradi.JanaDani.JK010091-ara1,True,627023,0.02720206889766541,4.316501136771569,0.0,3377,True
random,0606FakhrDinRazi.AsasTaqdis.JK001259-ara1,0606FakhrDinRazi.AsasTaqdis,0606FakhrDinRazi,606.0,37665.0,False,https://raw.githubusercontent.com/OpenITI/0625AH/master/data/0606FakhrDinRazi/0606FakhrDinRazi.AsasTaqdis/0606FakhrDinRazi.AsasTaqdis.JK001259-ara1,True,369417,0.04219814360973351,4.244149528923108,0.0,3358,True
random,0643DiyaDinMaqdisi.JuzAhadithMashayikhBaghdad.ShamAY0032950-ara1,0643DiyaDinMaqdisi.JuzAhadithMashayikhBaghdad,0643DiyaDinMaqdisi,643.0,2876.0,False,https://raw.githubusercontent.com/OpenITI/0650AH/master/data/0643DiyaDinMaqdisi/0643DiyaDinMaqdisi.JuzAhadithMashayikhBaghdad/0643DiyaDinMaqdisi.JuzAhadithMashayikhBaghdad.ShamAY0032950-ara1,True,30220,0.034053266198489474,4.063005390835579,0.0,2505,True
random,0772IbnHasanJamalDinIsnawi.MatalicDaqaiq.Sham19Y0147671-ara1,0772IbnHasanJamalDinIsnawi.MatalicDaqaiq,0772IbnHasanJamalDinIsnawi,772.0,43495.0,False,https://raw.githubusercontent.com/OpenITI/0775AH/master/data/0772IbnHasanJamalDinIsnawi/0772IbnHasanJamalDinIsnawi.MatalicDaqaiq/0772IbnHasanJamalDinIsnawi.MatalicDaqaiq.Sham19Y0147671-ara1,True,458401,0.04866710976224986,4.366334272707565,0.0,22584,True
random,0458Bayhaqi.Ictiqad.JK000698-ara1,0458Bayhaqi.Ictiqad,0458Bayhaqi,458.0,60317.0,False,https://raw.githubusercontent.com/OpenITI/0475AH/master/data/0458Bayhaqi/0458Bayhaqi.Ictiqad/0458Bayhaqi.Ictiqad.JK000698-ara1.completed,True,560620,0.0393657789156181,4.01078788660625,0.0,10155,True
random,0396IbnHasanDimashqi.Ahadith.Shamela0030022-ara1,0396IbnHasanDimashqi.Ahadith,0396IbnHasanDimashqi,396.0,3591.0,False,https://raw.githubusercontent.com/OpenITI/0400AH/master/data/0396IbnHasanDimashqi/0396IbnHasanDimashqi.Ahadith/0396IbnHasanDimashqi.Ahadith.Shamela0030022-ara1,True,35599,0.031869726447036006,3.9242424242424243,0.0,2919,True
random,0852IbnHajarCasqalani.MarhamaGhaythiyya.Shamela0030287-ara1,0852IbnHajarCasqalani.MarhamaGhaythiyya,0852IbnHajarCasqalani,852.0,8588.0,False,https://raw.githubusercontent.com/OpenITI/0875AH/master/data/0852IbnHajarCasqalani/0852IbnHajarCasqalani.MarhamaGhaythiyya/0852IbnHajarCasqalani.MarhamaGhaythiyya.Shamela0030287-ara1,True,86328,0.030344402360609535,4.138589117346359,0.0,5394,True
random,0454Qudaci.Shihab.LAL2016110801-ara2,0454Qudaci.Shihab,0454Qudaci,454.0,9422.0,False,https://raw.githubusercontent.com/OpenITI/0475AH/master/data/0454Qudaci/0454Qudaci.Shihab/0454Qudaci.Shihab.LAL2016110801-ara2,True,98127,0.10447224482843465,3.7267191977077365,0.0,11604,False
random,0650IbnNazifHamawi.TarikhMansuri.Shamela0006607-ara1,0650IbnNazifHamawi.TarikhMansuri,0650IbnNazifHamawi,650.0,26878.0,False,https://raw.githubusercontent.com/OpenITI/0650AH/master/data/0650IbnNazifHamawi/0650IbnNazifHamawi.TarikhMansuri/0650IbnNazifHamawi.TarikhMansuri.Shamela0006607-ara1.completed,True,276576,0.028973067196651048,4.377202035659632,0.0,5665,True
random,0658TaqiDinYunini.AsraWaMicraj.ShamAY0034287-ara1,0658TaqiDinYunini.AsraWaMicraj,0658TaqiDinYunini,658.0,2100.0,False,https://raw.githubusercontent.com/OpenITI/0675AH/master/data/0658TaqiDinYunini/0658TaqiDinYunini.AsraWaMicraj/0658TaqiDinYunini.AsraWaMicraj.ShamAY0034287-ara1,True,22791,0.032688806034856466,4.288674033149171,0.0,1682,True
random,0395AbuHilalCaskari.Talkhis.Shamela0037471-ara1,0395AbuHilalCaskari.Talkhis,0395AbuHilalCaskari,395.0,57264.0,False,https://raw.githubusercontent.com/OpenITI/0400AH/master/data/0395AbuHilalCaskari/0395AbuHilalCaskari.Talkhis/0395AbuHilalCaskari.Talkhis.Shamela0037471-ara1,True,627816,0.029506175340895613,4.78442290276054,0.0,13934,True
random,0388AbuSulaymanKhattabi.ShanDuca.Shamela0095700-ara1,0388AbuSulaymanKhattabi.ShanDuca,0388AbuSulaymanKhattabi,388.0,20721.0,False,https://raw.githubusercontent.com/OpenITI/0400AH/master/data/0388AbuSulaymanKhattabi/0388AbuSulaymanKhattabi.ShanDuca/0388AbuSulaymanKhattabi.ShanDuca.Shamela0095700-ara1,True,219603,0.04757916566961795,4.420074510483452,0.0,5143,True
random,0480IbnHaddadQaysi.Diwan.JK007573-ara1,0480IbnHaddadQaysi.Diwan,0480IbnHaddadQaysi,480.0,6432.0,False,https://raw.githubusercontent.com/OpenITI/0500AH/master/data/0480IbnHaddadQaysi/0480IbnHaddadQaysi.Diwan/0480IbnHaddadQaysi.Diwan.JK007573-ara1,True,65457,0.10092916427415566,3.050111240597521,0.0,2212,False
random,0288ThabitIbnQurra.AbluniyusFiMakhrutat.GRAR000011-ara1,0288ThabitIbnQurra.AbluniyusFiMakhrutat,0288ThabitIbnQurra,288.0,2708.0,False,https://raw.githubusercontent.com/OpenITI/0300AH/master/data/0288ThabitIbnQurra/0288ThabitIbnQurra.AbluniyusFiMakhrutat/0288ThabitIbnQurra.AbluniyusFiMakhrutat.GRAR000011-ara1,True,25578,0.05280623286683017,4.078589790672053,0.0,639,False
random,0429IbnIbrahimSarakhsiQarrab.FadailRamy.Shamela0010269-ara1,0429IbnIbrahimSarakhsiQarrab.FadailRamy,0429IbnIbrahimSarakhsiQarrab,429.0,2312.0,False,https://raw.githubusercontent.com/OpenITI/0450AH/master/data/0429IbnIbrahimSarakhsiQarrab/0429IbnIbrahimSarakhsiQarrab.FadailRamy/0429IbnIbrahimSarakhsiQarrab.FadailRamy.Shamela0010269-ara1,True,23304,0.031232508675696824,3.796976241900648,0.0,5429,True
random,0728IbnTaymiyya.MazalimMushtaraka.JK006985-ara1,0728IbnTaymiyya.MazalimMushtaraka,0728IbnTaymiyya,728.0,3721.0,False,https://raw.githubusercontent.com/OpenITI/0750AH/master/data/0728IbnTaymiyya/0728IbnTaymiyya.MazalimMushtaraka/0728IbnTaymiyya.MazalimMushtaraka.JK006985-ara1,True,35760,0.030040706961405705,4.099763095551461,0.0,1320,True
random,0335Suli.MaLamYunshar.EScr221025-ara1,0335Suli.MaLamYunshar,0335Suli,335.0,42191.0,True,https://raw.githubusercontent.com/OpenITI/0350AH/master/data/0335Suli/0335Suli.MaLamYunshar/0335Suli.MaLamYunshar.EScr221025-ara1,True,409555,0.043250474228223146,4.109332335065622,0.0,2949,True
random,0167BashsharIbnBurdShacir.Diwan.JK007613-ara1,0167BashsharIbnBurdShacir.Diwan,0167BashsharIbnBurdShacir,167.0,74926.0,False,https://raw.githubusercontent.com/OpenITI/0175AH/master/data/0167BashsharIbnBurdShacir/0167BashsharIbnBurdShacir.Diwan/0167BashsharIbnBurdShacir.Diwan.JK007613-ara1,True,731376,0.11191065647359688,2.8772543457001136,0.0,14809,False
random,0728IbnTaymiyya.ManasikHajj.Sham19Y0147665-ara1,0728IbnTaymiyya.ManasikHajj,0728IbnTaymiyya,728.0,11478.0,False,https://raw.githubusercontent.com/OpenITI/0750AH/master/data/0728IbnTaymiyya/0728IbnTaymiyya.ManasikHajj/0728IbnTaymiyya.ManasikHajj.Sham19Y0147665-ara1,True,126267,0.059075785582255125,4.2599201690537685,0.0,7002,False
random,0330IbnIsmacilMahamili.Duca.Shamela0008255-ara1,0330IbnIsmacilMahamili.Duca,0330IbnIsmacilMahamili,330.0,5902.0,False,https://raw.githubusercontent.com/OpenITI/0350AH/master/data/0330IbnIsmacilMahamili/0330IbnIsmacilMahamili.Duca/0330IbnIsmacilMahamili.Duca.Shamela0008255-ara1,True,57724,0.031382837407013864,4.04218487394958,0.0,4274,True
random,0340IbnDaya.Mukafaa.ShamAY0034330-ara1,0340IbnDaya.Mukafaa,0340IbnDaya,340.0,22578.0,False,https://raw.githubusercontent.com/OpenITI/0350AH/master/data/0340IbnDaya/0340IbnDaya.Mukafaa/0340IbnDaya.Mukafaa.ShamAY0034330-ara1,True,225986,0.03410283315844698,4.522563880467735,0.0,2746,True
random,0296IbnMuctazz.TabaqatShucara.Shamela0007867-ara1,0296IbnMuctazz.TabaqatShucara,0296IbnMuctazz,296.0,69060.0,False,https://raw.githubusercontent.com/OpenITI/0300AH/master/data/0296IbnMuctazz/0296IbnMuctazz.TabaqatShucara/0296IbnMuctazz.TabaqatShucara.Shamela0007867-ara1.completed,True,680791,0.025263644341057878,3.9429096658910643,0.0,10795,True
random,0640AbuHafsDunaysiri.TarikhDunaysir.Shamela0026813-ara1,0640AbuHafsDunaysiri.TarikhDunaysir,0640AbuHafsDunaysiri,640.0,21690.0,False,https://raw.githubusercontent.com/OpenITI/0650AH/master/data/0640AbuHafsDunaysiri/0640AbuHafsDunaysiri.TarikhDunaysir/0640AbuHafsDunaysiri.TarikhDunaysir.Shamela0026813-ara1.mARkdown,True,217703,0.026648410423174007,4.149240551042035,0.0,9301,True
random,0584IbnMunqidhShayzari.ManazilWaDiyar.Shamela0005416-ara1,0584IbnMunqidhShayzari.ManazilWaDiyar,0584IbnMunqidhShayzari,584.0,60042.0,False,https://raw.githubusercontent.com/OpenITI/0600AH/master/data/0584IbnMunqidhShayzari/0584IbnMunqidhShayzari.ManazilWaDiyar/0584IbnMunqidhShayzari.ManazilWaDiyar.Shamela0005416-ara1.completed,True,595856,0.02474200259240944,3.8993586156428908,0.0,4622,True
random,0366IbnNajidNaysaburi.Juz.Shamela0009397-ara1,0366IbnNajidNaysaburi.Juz,0366IbnNajidNaysaburi,366.0,2834.0,False,https://raw.githubusercontent.com/OpenITI/0375AH/master/data/0366IbnNajidNaysaburi/0366IbnNajidNaysaburi.Juz/0366IbnNajidNaysaburi.Juz.Shamela0009397-ara1,True,28692,0.030685161832702867,3.9886506935687263,0.0,5428,True
random,0441IbnIflili.SharhShicrMutanabbi.ShamAY0000454-ara1,0441IbnIflili.SharhShicrMutanabbi,0441IbnIflili,441.0,66114.0,False,https://raw.githubusercontent.com/OpenITI/0450AH/master/data/0441IbnIflili/0441IbnIflili.SharhShicrMutanabbi/0441IbnIflili.SharhShicrMutanabbi.ShamAY0000454-ara1,True,686349,0.025328807474450765,4.392448254469573,0.0,9196,True
random,0241IbnHanbal.CaqidaRiwayatKhallal.JK000323-ara1,0241IbnHanbal.CaqidaRiwayatKhallal,0241IbnHanbal,241.0,4055.0,False,https://raw.githubusercontent.com/OpenITI/0250AH/master/data/0241IbnHanbal/0241IbnHanbal.CaqidaRiwayatKhallal/0241IbnHanbal.CaqidaRiwayatKhallal.JK000323-ara1,True,40171,0.055832728592162595,4.055364116701126,0.0,1540,False
random,0265CaliIbnHarbTai.HadithSufyanIbnCuyayna.Shamela0029708-ara1,0265CaliIbnHarbTai.HadithSufyanIbnCuyayna,0265CaliIbnHarbTai,265.0,6141.0,False,https://raw.githubusercontent.com/OpenITI/0275AH/master/data/0265CaliIbnHarbTai/0265CaliIbnHarbTai.HadithSufyanIbnCuyayna/0265CaliIbnHarbTai.HadithSufyanIbnCuyayna.Shamela0029708-ara1,True,61223,0.035679966576143696,3.3937153419593344,0.0,14011,True
random,0413ShaykhMufid.DhabaihAhlKitab.Shia000014-ara1,0413ShaykhMufid.DhabaihAhlKitab,0413ShaykhMufid,413.0,2311.0,False,https://raw.githubusercontent.com/OpenITI/0425AH/master/data/0413ShaykhMufid/0413ShaykhMufid.DhabaihAhlKitab/0413ShaykhMufid.DhabaihAhlKitab.Shia000014-ara1,True,24819,0.06611386688383802,4.528712059064807,0.0,1338,False
random,0449AbuCalaMacarri.RisalatSahilWaShajih.Shamela0000563-ara1,0449AbuCalaMacarri.RisalatSahilWaShajih,0449AbuCalaMacarri,449.0,63826.0,False,https://raw.githubusercontent.com/OpenITI/0450AH/master/data/0449AbuCalaMacarri/0449AbuCalaMacarri.RisalatSahilWaShajih/0449AbuCalaMacarri.RisalatSahilWaShajih.Shamela0000563-ara1,True,630124,0.027163771968236827,4.064717277264822,0.0,3852,True
random,0298HadiIlaHaqqYahya.Dacwa.Zaydiyya0000076BK26-ara1,0298HadiIlaHaqqYahya.Dacwa,0298HadiIlaHaqqYahya,298.0,5193.0,False,https://raw.githubusercontent.com/OpenITI/0300AH/master/data/0298HadiIlaHaqqYahya/0298HadiIlaHaqqYahya.Dacwa/0298HadiIlaHaqqYahya.Dacwa.Zaydiyya0000076BK26-ara1.completed,True,57500,0.03552363389304081,4.715852072105557,0.0,1853,True
random,0359AbuCaliSawwaf.Juz.Shamela0029780-ara1,0359AbuCaliSawwaf.Juz,0359AbuCaliSawwaf,359.0,5731.0,False,https://raw.githubusercontent.com/OpenITI/0375AH/master/data/0359AbuCaliSawwaf/0359AbuCaliSawwaf.Juz/0359AbuCaliSawwaf.Juz.Shamela0029780-ara1,True,55642,0.03207835712205065,3.5606060606060606,0.0,6177,True
random,0581AbuMusaMadini.MuntahaRaghabat.Shamela0030790-ara1,0581AbuMusaMadini.MuntahaRaghabat,0581AbuMusaMadini,581.0,13946.0,False,https://raw.githubusercontent.com/OpenITI/0600AH/master/data/0581AbuMusaMadini/0581AbuMusaMadini.MuntahaRaghabat/0581AbuMusaMadini.MuntahaRaghabat.Shamela0030790-ara1,True,133715,0.030508616246186393,3.4701287339082616,0.0,8919,True
random,0405CabdKarimNahshaliQayrawani.Mumtic.Sham19Y0014786-ara1,0405CabdKarimNahshaliQayrawani.Mumtic,0405CabdKarimNahshaliQayrawani,405.0,58611.0,False,https://raw.githubusercontent.com/OpenITI/0425AH/master/data/0405CabdKarimNahshaliQayrawani/0405CabdKarimNahshaliQayrawani.Mumtic/0405CabdKarimNahshaliQayrawani.Mumtic.Sham19Y0014786-ara1,True,571687,0.023826511859203037,4.015983472871588,0.0,7063,True
random,0281IbnAbiDunya.QiraDayf.Shamela0011030-ara1,0281IbnAbiDunya.QiraDayf,0281IbnAbiDunya,281.0,5289.0,False,https://raw.githubusercontent.com/OpenITI/0300AH/master/data/0281IbnAbiDunya/0281IbnAbiDunya.QiraDayf/0281IbnAbiDunya.QiraDayf.Shamela0011030-ara1.mARkdown,True,52700,0.03604223269250606,3.9401885175664098,0.0,2123,True
random,0800CabdHaqqMaghribiSabti.HusamMamdud.Shamela0037541-ara1,0800CabdHaqqMaghribiSabti.HusamMamdud,0800CabdHaqqMaghribiSabti,800.0,7021.0,False,https://raw.githubusercontent.com/OpenITI/0800AH/master/data/0800CabdHaqqMaghribiSabti/0800CabdHaqqMaghribiSabti.HusamMamdud/0800CabdHaqqMaghribiSabti.HusamMamdud.Shamela0037541-ara1,True,72272,0.04215804149292679,4.259299191374663,0.0,3116,True
random,0300Anonymous.AjwibatCulamaFazzan.ShamIbadiyya0000319-ara1,0300Anonymous.AjwibatCulamaFazzan,0300Anonymous,300.0,15100.0,False,https://raw.githubusercontent.com/OpenITI/0300AH/master/data/0300Anonymous/0300Anonymous.AjwibatCulamaFazzan/0300Anonymous.AjwibatCulamaFazzan.ShamIbadiyya0000319-ara1,True,150335,0.03789204231884735,4.183220121167615,0.0,1543,True
random,0390IbnAkhiMimiDaqqaq.Fawaid.Shamela0009564-ara1,0390IbnAkhiMimiDaqqaq.Fawaid,0390IbnAkhiMimiDaqqaq,390.0,41385.0,False,https://raw.githubusercontent.com/OpenITI/0400AH/master/data/0390IbnAkhiMimiDaqqaq/0390IbnAkhiMimiDaqqaq.Fawaid/0390IbnAkhiMimiDaqqaq.Fawaid.Shamela0009564-ara1,True,404966,0.031175081687868533,4.103251409872589,0.0,19650,True
random,0231IbnSallamJumahi.TabaqatFuhulShucara.JK001296-ara1,0231IbnSallamJumahi.TabaqatFuhulShucara,0231IbnSallamJumahi,231.0,53940.0,False,https://raw.githubusercontent.com/OpenITI/0250AH/master/data/0231IbnSallamJumahi/0231IbnSallamJumahi.TabaqatFuhulShucara/0231IbnSallamJumahi.TabaqatFuhulShucara.JK001296-ara1.mARkdown,True,528825,0.05576566254676707,3.6423142888612654,0.0,17894,False
random,0406IbnHabibNaysaburi.CuqalaMajanin.JK010625-ara1,0406IbnHabibNaysaburi.CuqalaMajanin,0406IbnHabibNaysaburi,406.0,33672.0,False,https://raw.githubusercontent.com/OpenITI/0425AH/master/data/0406IbnHabibNaysaburi/0406IbnHabibNaysaburi.CuqalaMajanin/0406IbnHabibNaysaburi.CuqalaMajanin.JK010625-ara1,True,323237,0.026389540145905777,4.024431709122816,0.0,2372,True
random,0395IbnFarisQazwini.Ittibac.JK009165-ara1,0395IbnFarisQazwini.Ittibac,0395IbnFarisQazwini,395.0,3899.0,False,https://raw.githubusercontent.com/OpenITI/0400AH/master/data/0395IbnFarisQazwini/0395IbnFarisQazwini.Ittibac/0395IbnFarisQazwini.Ittibac.JK009165-ara1,True,43368,0.05689198941544382,3.1174135935174467,0.0,1668,False
random,0392IbnJinniMawsili.Carud.JK000956-ara1,0392IbnJinniMawsili.Carud,0392IbnJinniMawsili,392.0,5465.0,False,https://raw.githubusercontent.com/OpenITI/0400AH/master/data/0392IbnJinniMawsili/0392IbnJinniMawsili.Carud/0392IbnJinniMawsili.Carud.JK000956-ara1,True,61818,0.06577147483319845,3.0953200275292496,0.0,2312,False
random,0660ShamsDinRazi.HadaiqHaqaiq.Kraken22021606121202-ara1,0660ShamsDinRazi.HadaiqHaqaiq,0660ShamsDinRazi,660.0,70477.0,True,https://raw.githubusercontent.com/OpenITI/0675AH/master/data/0660ShamsDinRazi/0660ShamsDinRazi.HadaiqHaqaiq/0660ShamsDinRazi.HadaiqHaqaiq.Kraken22021606121202-ara1,True,761198,0.11504527361007832,4.550708912918917,0.0,5460,False
